{
    "internal_only_uis_enabled": {
        "metadata": ["default", "user_modifiable", "extension_modifiable"],
        "value": false
    },
    "intl": {
        "app_locale": {
            "metadata": ["default", "user_modifiable", "extension_modifiable"],
            "value": ""
        }
    },
    "invalidation": {
        "per_sender_active_registration_tokens": {
            "metadata": ["default", "user_modifiable", "extension_modifiable"],
            "value": {}
        },
        "per_sender_client_id_cache": {
            "metadata": ["default", "user_modifiable", "extension_modifiable"],
            "value": {}
        },
        "per_sender_registered_for_invalidation": {
            "metadata": ["default", "user_modifiable", "extension_modifiable"],
            "value": {}
        },
        "per_sender_topics_to_handler": {
            "metadata": ["default", "user_modifiable", "extension_modifiable"],
            "value": {}
        }
    }
} 