{
    "name": "Dc Power Connector Adapter 5.5x2.1mm To Lenovo Thinkpad Slim Tip",
    "sku": "6638883",
    "created_at": 1736764032,
    "brand": null,
    "product_type": "simple",
    "url_key": "dc-power-connector-adapter-5-5x2-1mm-to-lenovo-thinkpad-slim-tip-6638883",
    "price": 4000,
    "special_price": 4000,
    "deal_price": null,
    "special_from_date": "",
    "special_to_date": "",
    "konga_fulfilment_type": "SHQ",
    "is_retail": 1,
    "express_delivery": 0,
    "is_free_shipping": 0,
    "is_pay_on_delivery": null,
    "visibility": 4,
    "new_in": true,
    "pickup": 1,
    "new_from_date": "",
    "new_to_date": "",
    "min_sale_qty": 1,
    "max_sale_qty": 0,
    "is_konga_fulfilled": 0,
    "backorders": 0,
    "image_thumbnail_path": "/B/Q/230175_1736535709.jpg",
    "description": {
        "log": {
            "timeTakenInMilliseconds": 0
        },
        "result": "his converter enables the use of normal DC adapters with DC plug/barrel 5.5 mm connector with Lenovo laptops which has female square plug. Please ensure the adapter you use has the matching and compatible power rating as that of your laptop. This pin is passive and only convert the interface not the power. One side is 5.5x2.1mm Female to Square Plug female plug, another side is square male plug for X1 Carbon Ultra book. Power converter Cable Adapter for Lenovo ThinkPad X1 Carbon 0B47046. Length around 5cm. 5.5x2.1mm Female to Square Plug. Female Interface Female End: DC 5.5x2.1mm. Male End: Square Port with Pin (Lenovo ThinkPad notebook dedicated power jack). Operating voltage allowed: 20V and 19V Load power is allowed: 90W, 65W, 45W. Function: The female end of this product can be plugged into a 5.5x2.1mm round hole mobile power charging bank or power adapter. DC Power Adapter 5.5 x 2.1mm Female to Square Plug Connector.",
        "ranges": [
            [
                0,
                3
            ],
            [
                938,
                942
            ]
        ],
        "allTagLocations": [
            [
                0,
                3
            ],
            [
                938,
                942
            ]
        ],
        "filteredTagLocations": [
            [
                0,
                3
            ],
            [
                938,
                942
            ]
        ]
    },
    "konga_promo_label": null,
    "is_b2b": 0,
    "is_eds": 0,
    "is_konga_prime": 0,
    "app_only_price": 0,
    "is_addon": 0,
    "is_official_store_product": 0,
    "availability_locations": null,
    "stock": {
        "in_stock": 1,
        "min_sale_qty": 1,
        "max_sale_qty": 0,
        "quantity": 20,
        "quantity_sold": 0
    },
    "attributes": {
        "color": [
            "Black"
        ]
    },
    "seller": {
        "id": 230175,
        "name": "Royal Ventures",
        "logo": null,
        "banner": null,
        "url_key": "royalventures",
        "is_premium": 0,
        "is_konga": 0,
        "city": "Lagos",
        "state": "Lagos"
    },
    "category": [
        {
            "category_id": 5227,
            "category_name": "Computers and Accessories",
            "category_url_key": "computers-accessories",
            "category_position": 3,
            "thumbnail": "iconNavdrawer_comps_Accessories.png"
        },
        {
            "category_id": 5228,
            "category_name": "Computing Accessories",
            "category_url_key": "accessories-computing",
            "category_position": 3,
            "thumbnail": null
        },
        {
            "category_id": 5237,
            "category_name": "Laptop & Desktop Accessories",
            "category_url_key": "laptop-desktop-accessories",
            "category_position": 3,
            "thumbnail": null
        },
        {
            "category_id": 7621,
            "category_name": "Cables, Connectors & Adapters",
            "category_url_key": "cables-connectors-adapters",
            "category_position": 2,
            "thumbnail": null
        },
        {
            "category_id": 8134,
            "category_name": "Adapters",
            "category_url_key": "computer-adapters",
            "category_position": 2,
            "thumbnail": null
        },
        {
            "category_id": 8132,
            "category_name": "AV Adapters",
            "category_url_key": "av-adapters",
            "category_position": 10,
            "thumbnail": null
        }
    ],
    "categories": {
        "lvl0": [
            "Computers and Accessories"
        ],
        "lvl1": [
            "Computers and Accessories > Computing Accessories"
        ],
        "lvl2": [
            "Computers and Accessories > Computing Accessories > Laptop & Desktop Accessories"
        ],
        "lvl3": [
            "Computers and Accessories > Computing Accessories > Laptop & Desktop Accessories > Cables, Connectors & Adapters"
        ],
        "lvl4": [
            "Computers and Accessories > Computing Accessories > Laptop & Desktop Accessories > Cables, Connectors & Adapters > Adapters"
        ],
        "lvl5": [
            "Computers and Accessories > Computing Accessories > Laptop & Desktop Accessories > Cables, Connectors & Adapters > Adapters > AV Adapters"
        ]
    },
    "rating": {
        "average_rating": 0,
        "total_rating": 0
    },
    "objectID": "6638883"
}